{
    "openapi": "3.0.3",
    "info": {
        "title": "Parking Management",
        "version": "1.0.0"
    },
    "servers": [
        {
            "url": "http://parker.test/api",
            "description": "Default Environment"
        }
    ],
    "security": [
        {
            "BearerAuth": []
        }
    ],
    "paths": {
        "/api/users/search": {
            "post": {
                "parameters": [],
                "responses": {
                    "200": {
                        "description": "OK",
                        "content": {
                            "application/json": {
                                "schema": {
                                    "type": "object",
                                    "properties": {
                                        "data": {
                                            "type": "array",
                                            "items": {
                                                "$ref": "#/components/schemas/UserResource"
                                            }
                                        },
                                        "links": {
                                            "$ref": "#/components/schemas/ResourceLinks"
                                        },
                                        "meta": {
                                            "$ref": "#/components/schemas/ResourceMeta"
                                        }
                                    }
                                }
                            }
                        }
                    },
                    "401": {
                        "description": "Unauthenticated"
                    },
                    "403": {
                        "description": "Unauthorized"
                    }
                },
                "summary": "Search for users",
                "tags": [
                    "User"
                ]
            }
        },
        "/api/users/batch": {
            "post": {
                "parameters": [],
                "requestBody": {
                    "content": {
                        "application/json": {
                            "schema": {
                                "type": "object",
                                "properties": {
                                    "resources": {
                                        "type": "array",
                                        "items": {
                                            "$ref": "#/components/schemas/User"
                                        }
                                    }
                                }
                            }
                        }
                    }
                },
                "responses": {
                    "200": {
                        "description": "OK",
                        "content": {
                            "application/json": {
                                "schema": {
                                    "type": "object",
                                    "properties": {
                                        "data": {
                                            "type": "array",
                                            "items": {
                                                "$ref": "#/components/schemas/UserResource"
                                            }
                                        }
                                    }
                                }
                            }
                        }
                    },
                    "422": {
                        "description": "Validation error"
                    },
                    "401": {
                        "description": "Unauthenticated"
                    },
                    "403": {
                        "description": "Unauthorized"
                    },
                    "404": {
                        "description": "Resource not found"
                    }
                },
                "summary": "Create a batch of users",
                "tags": [
                    "User"
                ]
            },
            "patch": {
                "parameters": [],
                "requestBody": {
                    "content": {
                        "application/json": {
                            "schema": {
                                "type": "object",
                                "properties": {
                                    "resources": {
                                        "type": "array",
                                        "items": {
                                            "$ref": "#/components/schemas/User"
                                        }
                                    }
                                }
                            }
                        }
                    }
                },
                "responses": {
                    "200": {
                        "description": "OK",
                        "content": {
                            "application/json": {
                                "schema": {
                                    "type": "object",
                                    "properties": {
                                        "data": {
                                            "type": "array",
                                            "items": {
                                                "$ref": "#/components/schemas/UserResource"
                                            }
                                        }
                                    }
                                }
                            }
                        }
                    },
                    "422": {
                        "description": "Validation error"
                    },
                    "401": {
                        "description": "Unauthenticated"
                    },
                    "403": {
                        "description": "Unauthorized"
                    },
                    "404": {
                        "description": "Resource not found"
                    }
                },
                "summary": "Update a batch of users",
                "tags": [
                    "User"
                ]
            },
            "delete": {
                "parameters": [],
                "requestBody": {
                    "content": {
                        "application/json": {
                            "schema": {
                                "type": "object",
                                "properties": {
                                    "resources": {
                                        "type": "array",
                                        "items": {
                                            "type": "integer",
                                            "description": "A list of resource IDs"
                                        }
                                    }
                                }
                            }
                        }
                    }
                },
                "responses": {
                    "200": {
                        "description": "OK",
                        "content": {
                            "application/json": {
                                "schema": {
                                    "type": "object",
                                    "properties": {
                                        "data": {
                                            "type": "array",
                                            "items": {
                                                "$ref": "#/components/schemas/UserResource"
                                            }
                                        }
                                    }
                                }
                            }
                        }
                    },
                    "422": {
                        "description": "Validation error"
                    },
                    "401": {
                        "description": "Unauthenticated"
                    },
                    "403": {
                        "description": "Unauthorized"
                    },
                    "404": {
                        "description": "Resource not found"
                    }
                },
                "summary": "Delete a batch of users",
                "tags": [
                    "User"
                ]
            }
        },
        "/api/users": {
            "get": {
                "parameters": [],
                "responses": {
                    "200": {
                        "description": "OK",
                        "content": {
                            "application/json": {
                                "schema": {
                                    "type": "object",
                                    "properties": {
                                        "data": {
                                            "type": "array",
                                            "items": {
                                                "$ref": "#/components/schemas/UserResource"
                                            }
                                        },
                                        "links": {
                                            "$ref": "#/components/schemas/ResourceLinks"
                                        },
                                        "meta": {
                                            "$ref": "#/components/schemas/ResourceMeta"
                                        }
                                    }
                                }
                            }
                        }
                    },
                    "401": {
                        "description": "Unauthenticated"
                    },
                    "403": {
                        "description": "Unauthorized"
                    }
                },
                "summary": "Get a list of users",
                "tags": [
                    "User"
                ]
            },
            "post": {
                "parameters": [],
                "requestBody": {
                    "content": {
                        "application/json": {
                            "schema": {
                                "$ref": "#/components/schemas/User"
                            }
                        }
                    }
                },
                "responses": {
                    "201": {
                        "description": "OK",
                        "content": {
                            "application/json": {
                                "schema": {
                                    "type": "object",
                                    "properties": {
                                        "data": {
                                            "$ref": "#/components/schemas/UserResource"
                                        }
                                    }
                                }
                            }
                        }
                    },
                    "401": {
                        "description": "Unauthenticated"
                    },
                    "403": {
                        "description": "Unauthorized"
                    },
                    "422": {
                        "description": "Validation error"
                    }
                },
                "summary": "Create user",
                "tags": [
                    "User"
                ]
            }
        },
        "/api/users/{user}": {
            "get": {
                "parameters": [
                    {
                        "schema": {
                            "type": "integer"
                        },
                        "name": "user",
                        "in": "path",
                        "required": true
                    }
                ],
                "responses": {
                    "200": {
                        "description": "OK",
                        "content": {
                            "application/json": {
                                "schema": {
                                    "type": "object",
                                    "properties": {
                                        "data": {
                                            "$ref": "#/components/schemas/UserResource"
                                        }
                                    }
                                }
                            }
                        }
                    },
                    "401": {
                        "description": "Unauthenticated"
                    },
                    "403": {
                        "description": "Unauthorized"
                    },
                    "404": {
                        "description": "Resource not found"
                    }
                },
                "summary": "Get user",
                "tags": [
                    "User"
                ]
            },
            "patch": {
                "parameters": [
                    {
                        "schema": {
                            "type": "integer"
                        },
                        "name": "user",
                        "in": "path",
                        "required": true
                    }
                ],
                "requestBody": {
                    "content": {
                        "application/json": {
                            "schema": {
                                "$ref": "#/components/schemas/User"
                            }
                        }
                    }
                },
                "responses": {
                    "200": {
                        "description": "OK",
                        "content": {
                            "application/json": {
                                "schema": {
                                    "type": "object",
                                    "properties": {
                                        "data": {
                                            "$ref": "#/components/schemas/UserResource"
                                        }
                                    }
                                }
                            }
                        }
                    },
                    "401": {
                        "description": "Unauthenticated"
                    },
                    "403": {
                        "description": "Unauthorized"
                    },
                    "404": {
                        "description": "Resource not found"
                    },
                    "422": {
                        "description": "Validation error"
                    }
                },
                "summary": "Update user",
                "tags": [
                    "User"
                ]
            },
            "delete": {
                "parameters": [
                    {
                        "schema": {
                            "type": "integer"
                        },
                        "name": "user",
                        "in": "path",
                        "required": true
                    }
                ],
                "responses": {
                    "200": {
                        "description": "OK",
                        "content": {
                            "application/json": {
                                "schema": {
                                    "type": "object",
                                    "properties": {
                                        "data": {
                                            "$ref": "#/components/schemas/UserResource"
                                        }
                                    }
                                }
                            }
                        }
                    },
                    "401": {
                        "description": "Unauthenticated"
                    },
                    "403": {
                        "description": "Unauthorized"
                    },
                    "404": {
                        "description": "Resource not found"
                    }
                },
                "summary": "Delete user",
                "tags": [
                    "User"
                ]
            }
        }
    },
    "components": {
        "securitySchemes": {
            "BearerAuth": {
                "type": "http",
                "scheme": "bearer"
            }
        },
        "schemas": {
            "User": {
                "title": "User",
                "type": "object",
                "properties": {
                    "name": {
                        "type": "string"
                    },
                    "username": {
                        "type": "string"
                    },
                    "email": {
                        "type": "string"
                    },
                    "password": {
                        "type": "string"
                    }
                }
            },
            "UserResource": {
                "title": "UserResource",
                "allOf": [
                    {
                        "$ref": "#/components/schemas/User"
                    },
                    {
                        "type": "object",
                        "properties": {
                            "id": {
                                "type": "integer"
                            },
                            "two_factor_secret": {
                                "type": "string",
                                "nullable": true
                            },
                            "two_factor_recovery_codes": {
                                "type": "string",
                                "nullable": true
                            },
                            "remember_token": {
                                "type": "string",
                                "nullable": true
                            },
                            "current_team_id": {
                                "type": "integer",
                                "nullable": true
                            },
                            "profile_photo_path": {
                                "type": "string",
                                "nullable": true
                            },
                            "created_at": {
                                "type": "string",
                                "nullable": true,
                                "format": "date-time"
                            },
                            "updated_at": {
                                "type": "string",
                                "nullable": true,
                                "format": "date-time"
                            }
                        }
                    }
                ]
            },
            "ResourceLinks": {
                "title": "ResourceLinks",
                "type": "object",
                "properties": {
                    "first": {
                        "type": "string",
                        "format": "uri"
                    },
                    "last": {
                        "type": "string",
                        "format": "uri"
                    },
                    "prev": {
                        "type": "string",
                        "format": "uri"
                    },
                    "next": {
                        "type": "string",
                        "format": "uri"
                    }
                }
            },
            "ResourceMeta": {
                "title": "ResourceMeta",
                "type": "object",
                "properties": {
                    "current_page": {
                        "type": "integer"
                    },
                    "from": {
                        "type": "integer"
                    },
                    "last_page": {
                        "type": "integer"
                    },
                    "path": {
                        "type": "string"
                    },
                    "per_page": {
                        "type": "integer"
                    },
                    "to": {
                        "type": "integer"
                    },
                    "total": {
                        "type": "integer"
                    }
                }
            }
        }
    },
    "tags": [
        {
            "name": "User"
        }
    ]
}